<?xml version="1.0" encoding="UTF-8"?>
<?xml-stylesheet href="CoreNLP-to-HTML.xsl" type="text/xsl"?>
<root>
  <document>
    <docId>un_history.txt</docId>
    <sentences>
      <sentence id="1">
        <tokens>
          <token id="1">
            <word>The</word>
            <lemma>the</lemma>
            <CharacterOffsetBegin>0</CharacterOffsetBegin>
            <CharacterOffsetEnd>3</CharacterOffsetEnd>
            <POS>DT</POS>
          </token>
          <token id="2">
            <word>name</word>
            <lemma>name</lemma>
            <CharacterOffsetBegin>4</CharacterOffsetBegin>
            <CharacterOffsetEnd>8</CharacterOffsetEnd>
            <POS>NN</POS>
          </token>
          <token id="3">
            <word>``</word>
            <lemma>``</lemma>
            <CharacterOffsetBegin>9</CharacterOffsetBegin>
            <CharacterOffsetEnd>10</CharacterOffsetEnd>
            <POS>``</POS>
          </token>
          <token id="4">
            <word>United</word>
            <lemma>United</lemma>
            <CharacterOffsetBegin>10</CharacterOffsetBegin>
            <CharacterOffsetEnd>16</CharacterOffsetEnd>
            <POS>NNP</POS>
          </token>
          <token id="5">
            <word>Nations</word>
            <lemma>Nations</lemma>
            <CharacterOffsetBegin>17</CharacterOffsetBegin>
            <CharacterOffsetEnd>24</CharacterOffsetEnd>
            <POS>NNPS</POS>
          </token>
          <token id="6">
            <word>''</word>
            <lemma>''</lemma>
            <CharacterOffsetBegin>24</CharacterOffsetBegin>
            <CharacterOffsetEnd>25</CharacterOffsetEnd>
            <POS>''</POS>
          </token>
          <token id="7">
            <word>,</word>
            <lemma>,</lemma>
            <CharacterOffsetBegin>25</CharacterOffsetBegin>
            <CharacterOffsetEnd>26</CharacterOffsetEnd>
            <POS>,</POS>
          </token>
          <token id="8">
            <word>coined</word>
            <lemma>coin</lemma>
            <CharacterOffsetBegin>27</CharacterOffsetBegin>
            <CharacterOffsetEnd>33</CharacterOffsetEnd>
            <POS>VBN</POS>
          </token>
          <token id="9">
            <word>by</word>
            <lemma>by</lemma>
            <CharacterOffsetBegin>34</CharacterOffsetBegin>
            <CharacterOffsetEnd>36</CharacterOffsetEnd>
            <POS>IN</POS>
          </token>
          <token id="10">
            <word>United</word>
            <lemma>United</lemma>
            <CharacterOffsetBegin>37</CharacterOffsetBegin>
            <CharacterOffsetEnd>43</CharacterOffsetEnd>
            <POS>NNP</POS>
          </token>
          <token id="11">
            <word>States</word>
            <lemma>States</lemma>
            <CharacterOffsetBegin>44</CharacterOffsetBegin>
            <CharacterOffsetEnd>50</CharacterOffsetEnd>
            <POS>NNP</POS>
          </token>
          <token id="12">
            <word>President</word>
            <lemma>President</lemma>
            <CharacterOffsetBegin>51</CharacterOffsetBegin>
            <CharacterOffsetEnd>60</CharacterOffsetEnd>
            <POS>NNP</POS>
          </token>
          <token id="13">
            <word>Franklin</word>
            <lemma>Franklin</lemma>
            <CharacterOffsetBegin>61</CharacterOffsetBegin>
            <CharacterOffsetEnd>69</CharacterOffsetEnd>
            <POS>NNP</POS>
          </token>
          <token id="14">
            <word>D.</word>
            <lemma>D.</lemma>
            <CharacterOffsetBegin>70</CharacterOffsetBegin>
            <CharacterOffsetEnd>72</CharacterOffsetEnd>
            <POS>NNP</POS>
          </token>
          <token id="15">
            <word>Roosevelt</word>
            <lemma>Roosevelt</lemma>
            <CharacterOffsetBegin>73</CharacterOffsetBegin>
            <CharacterOffsetEnd>82</CharacterOffsetEnd>
            <POS>NNP</POS>
          </token>
          <token id="16">
            <word>was</word>
            <lemma>be</lemma>
            <CharacterOffsetBegin>83</CharacterOffsetBegin>
            <CharacterOffsetEnd>86</CharacterOffsetEnd>
            <POS>VBD</POS>
          </token>
          <token id="17">
            <word>first</word>
            <lemma>first</lemma>
            <CharacterOffsetBegin>87</CharacterOffsetBegin>
            <CharacterOffsetEnd>92</CharacterOffsetEnd>
            <POS>RB</POS>
          </token>
          <token id="18">
            <word>used</word>
            <lemma>use</lemma>
            <CharacterOffsetBegin>93</CharacterOffsetBegin>
            <CharacterOffsetEnd>97</CharacterOffsetEnd>
            <POS>VBN</POS>
          </token>
          <token id="19">
            <word>in</word>
            <lemma>in</lemma>
            <CharacterOffsetBegin>98</CharacterOffsetBegin>
            <CharacterOffsetEnd>100</CharacterOffsetEnd>
            <POS>IN</POS>
          </token>
          <token id="20">
            <word>the</word>
            <lemma>the</lemma>
            <CharacterOffsetBegin>101</CharacterOffsetBegin>
            <CharacterOffsetEnd>104</CharacterOffsetEnd>
            <POS>DT</POS>
          </token>
          <token id="21">
            <word>Declaration</word>
            <lemma>declaration</lemma>
            <CharacterOffsetBegin>105</CharacterOffsetBegin>
            <CharacterOffsetEnd>116</CharacterOffsetEnd>
            <POS>NN</POS>
          </token>
          <token id="22">
            <word>by</word>
            <lemma>by</lemma>
            <CharacterOffsetBegin>117</CharacterOffsetBegin>
            <CharacterOffsetEnd>119</CharacterOffsetEnd>
            <POS>IN</POS>
          </token>
          <token id="23">
            <word>United</word>
            <lemma>United</lemma>
            <CharacterOffsetBegin>120</CharacterOffsetBegin>
            <CharacterOffsetEnd>126</CharacterOffsetEnd>
            <POS>NNP</POS>
          </token>
          <token id="24">
            <word>Nations</word>
            <lemma>Nations</lemma>
            <CharacterOffsetBegin>127</CharacterOffsetBegin>
            <CharacterOffsetEnd>134</CharacterOffsetEnd>
            <POS>NNPS</POS>
          </token>
          <token id="25">
            <word>of</word>
            <lemma>of</lemma>
            <CharacterOffsetBegin>135</CharacterOffsetBegin>
            <CharacterOffsetEnd>137</CharacterOffsetEnd>
            <POS>IN</POS>
          </token>
          <token id="26">
            <word>1</word>
            <lemma>1</lemma>
            <CharacterOffsetBegin>138</CharacterOffsetBegin>
            <CharacterOffsetEnd>139</CharacterOffsetEnd>
            <POS>CD</POS>
          </token>
          <token id="27">
            <word>January</word>
            <lemma>January</lemma>
            <CharacterOffsetBegin>140</CharacterOffsetBegin>
            <CharacterOffsetEnd>147</CharacterOffsetEnd>
            <POS>NNP</POS>
          </token>
          <token id="28">
            <word>1942</word>
            <lemma>1942</lemma>
            <CharacterOffsetBegin>148</CharacterOffsetBegin>
            <CharacterOffsetEnd>152</CharacterOffsetEnd>
            <POS>CD</POS>
          </token>
          <token id="29">
            <word>,</word>
            <lemma>,</lemma>
            <CharacterOffsetBegin>152</CharacterOffsetBegin>
            <CharacterOffsetEnd>153</CharacterOffsetEnd>
            <POS>,</POS>
          </token>
          <token id="30">
            <word>during</word>
            <lemma>during</lemma>
            <CharacterOffsetBegin>154</CharacterOffsetBegin>
            <CharacterOffsetEnd>160</CharacterOffsetEnd>
            <POS>IN</POS>
          </token>
          <token id="31">
            <word>the</word>
            <lemma>the</lemma>
            <CharacterOffsetBegin>161</CharacterOffsetBegin>
            <CharacterOffsetEnd>164</CharacterOffsetEnd>
            <POS>DT</POS>
          </token>
          <token id="32">
            <word>Second</word>
            <lemma>second</lemma>
            <CharacterOffsetBegin>165</CharacterOffsetBegin>
            <CharacterOffsetEnd>171</CharacterOffsetEnd>
            <POS>JJ</POS>
          </token>
          <token id="33">
            <word>World</word>
            <lemma>World</lemma>
            <CharacterOffsetBegin>172</CharacterOffsetBegin>
            <CharacterOffsetEnd>177</CharacterOffsetEnd>
            <POS>NNP</POS>
          </token>
          <token id="34">
            <word>War</word>
            <lemma>War</lemma>
            <CharacterOffsetBegin>178</CharacterOffsetBegin>
            <CharacterOffsetEnd>181</CharacterOffsetEnd>
            <POS>NNP</POS>
          </token>
          <token id="35">
            <word>,</word>
            <lemma>,</lemma>
            <CharacterOffsetBegin>181</CharacterOffsetBegin>
            <CharacterOffsetEnd>182</CharacterOffsetEnd>
            <POS>,</POS>
          </token>
          <token id="36">
            <word>when</word>
            <lemma>when</lemma>
            <CharacterOffsetBegin>183</CharacterOffsetBegin>
            <CharacterOffsetEnd>187</CharacterOffsetEnd>
            <POS>WRB</POS>
          </token>
          <token id="37">
            <word>representatives</word>
            <lemma>representative</lemma>
            <CharacterOffsetBegin>188</CharacterOffsetBegin>
            <CharacterOffsetEnd>203</CharacterOffsetEnd>
            <POS>NNS</POS>
          </token>
          <token id="38">
            <word>of</word>
            <lemma>of</lemma>
            <CharacterOffsetBegin>204</CharacterOffsetBegin>
            <CharacterOffsetEnd>206</CharacterOffsetEnd>
            <POS>IN</POS>
          </token>
          <token id="39">
            <word>26</word>
            <lemma>26</lemma>
            <CharacterOffsetBegin>207</CharacterOffsetBegin>
            <CharacterOffsetEnd>209</CharacterOffsetEnd>
            <POS>CD</POS>
          </token>
          <token id="40">
            <word>nations</word>
            <lemma>nation</lemma>
            <CharacterOffsetBegin>210</CharacterOffsetBegin>
            <CharacterOffsetEnd>217</CharacterOffsetEnd>
            <POS>NNS</POS>
          </token>
          <token id="41">
            <word>pledged</word>
            <lemma>pledge</lemma>
            <CharacterOffsetBegin>218</CharacterOffsetBegin>
            <CharacterOffsetEnd>225</CharacterOffsetEnd>
            <POS>VBD</POS>
          </token>
          <token id="42">
            <word>their</word>
            <lemma>they</lemma>
            <CharacterOffsetBegin>226</CharacterOffsetBegin>
            <CharacterOffsetEnd>231</CharacterOffsetEnd>
            <POS>PRP$</POS>
          </token>
          <token id="43">
            <word>Governments</word>
            <lemma>government</lemma>
            <CharacterOffsetBegin>232</CharacterOffsetBegin>
            <CharacterOffsetEnd>243</CharacterOffsetEnd>
            <POS>NNS</POS>
          </token>
          <token id="44">
            <word>to</word>
            <lemma>to</lemma>
            <CharacterOffsetBegin>244</CharacterOffsetBegin>
            <CharacterOffsetEnd>246</CharacterOffsetEnd>
            <POS>TO</POS>
          </token>
          <token id="45">
            <word>continue</word>
            <lemma>continue</lemma>
            <CharacterOffsetBegin>247</CharacterOffsetBegin>
            <CharacterOffsetEnd>255</CharacterOffsetEnd>
            <POS>VB</POS>
          </token>
          <token id="46">
            <word>fighting</word>
            <lemma>fight</lemma>
            <CharacterOffsetBegin>256</CharacterOffsetBegin>
            <CharacterOffsetEnd>264</CharacterOffsetEnd>
            <POS>VBG</POS>
          </token>
          <token id="47">
            <word>together</word>
            <lemma>together</lemma>
            <CharacterOffsetBegin>265</CharacterOffsetBegin>
            <CharacterOffsetEnd>273</CharacterOffsetEnd>
            <POS>RB</POS>
          </token>
          <token id="48">
            <word>against</word>
            <lemma>against</lemma>
            <CharacterOffsetBegin>274</CharacterOffsetBegin>
            <CharacterOffsetEnd>281</CharacterOffsetEnd>
            <POS>IN</POS>
          </token>
          <token id="49">
            <word>the</word>
            <lemma>the</lemma>
            <CharacterOffsetBegin>282</CharacterOffsetBegin>
            <CharacterOffsetEnd>285</CharacterOffsetEnd>
            <POS>DT</POS>
          </token>
          <token id="50">
            <word>Axis</word>
            <lemma>Axis</lemma>
            <CharacterOffsetBegin>286</CharacterOffsetBegin>
            <CharacterOffsetEnd>290</CharacterOffsetEnd>
            <POS>NNP</POS>
          </token>
          <token id="51">
            <word>Powers</word>
            <lemma>Powers</lemma>
            <CharacterOffsetBegin>291</CharacterOffsetBegin>
            <CharacterOffsetEnd>297</CharacterOffsetEnd>
            <POS>NNP</POS>
          </token>
          <token id="52">
            <word>.</word>
            <lemma>.</lemma>
            <CharacterOffsetBegin>297</CharacterOffsetBegin>
            <CharacterOffsetEnd>298</CharacterOffsetEnd>
            <POS>.</POS>
          </token>
        </tokens>
        <parse>(ROOT
          (S
          (NP
          (NP (DT The) (NN name))
          (`` ``)
          (NP (NNP United) (NNPS Nations))
          ('' ''))
          (, ,)
          (S
          (VP (VBN coined)
          (PP (IN by)
          (NP (NNP United) (NNP States) (NNP President) (NNP Franklin) (NNP D.) (NNP Roosevelt)))))
          (VP (VBD was)
          (VP
          (ADVP (RB first))
          (VBN used)
          (PP (IN in)
          (NP (DT the) (NN Declaration)))
          (PP (IN by)
          (NP
          (NP (NNP United) (NNPS Nations))
          (PP (IN of)
          (NP (CD 1)))))
          (NP-TMP (NNP January) (CD 1942))
          (, ,)
          (PP (IN during)
          (NP
          (NP (DT the) (JJ Second) (NNP World) (NNP War))
          (, ,)
          (SBAR
          (WHADVP (WRB when))
          (S
          (NP
          (NP (NNS representatives))
          (PP (IN of)
          (NP (CD 26) (NNS nations))))
          (VP (VBD pledged)
          (NP (PRP$ their) (NNS Governments))
          (S
          (VP (TO to)
          (VP (VB continue)
          (S
          (VP (VBG fighting)
          (ADVP (RB together))
          (PP (IN against)
          (NP (DT the) (NNP Axis) (NNP Powers)))))))))))))))
          (. .)))
          
          </parse>
        <dependencies type="basic-dependencies">
          <dep type="root">
            <governor idx="0">ROOT</governor>
            <dependent idx="18">used</dependent>
          </dep>
          <dep type="det">
            <governor idx="2">name</governor>
            <dependent idx="1">The</dependent>
          </dep>
          <dep type="nsubjpass">
            <governor idx="18">used</governor>
            <dependent idx="2">name</dependent>
          </dep>
          <dep type="punct">
            <governor idx="2">name</governor>
            <dependent idx="3">``</dependent>
          </dep>
          <dep type="compound">
            <governor idx="5">Nations</governor>
            <dependent idx="4">United</dependent>
          </dep>
          <dep type="dep">
            <governor idx="2">name</governor>
            <dependent idx="5">Nations</dependent>
          </dep>
          <dep type="punct">
            <governor idx="2">name</governor>
            <dependent idx="6">''</dependent>
          </dep>
          <dep type="punct">
            <governor idx="18">used</governor>
            <dependent idx="7">,</dependent>
          </dep>
          <dep type="advcl">
            <governor idx="18">used</governor>
            <dependent idx="8">coined</dependent>
          </dep>
          <dep type="case">
            <governor idx="15">Roosevelt</governor>
            <dependent idx="9">by</dependent>
          </dep>
          <dep type="compound">
            <governor idx="15">Roosevelt</governor>
            <dependent idx="10">United</dependent>
          </dep>
          <dep type="compound">
            <governor idx="15">Roosevelt</governor>
            <dependent idx="11">States</dependent>
          </dep>
          <dep type="compound">
            <governor idx="15">Roosevelt</governor>
            <dependent idx="12">President</dependent>
          </dep>
          <dep type="compound">
            <governor idx="15">Roosevelt</governor>
            <dependent idx="13">Franklin</dependent>
          </dep>
          <dep type="compound">
            <governor idx="15">Roosevelt</governor>
            <dependent idx="14">D.</dependent>
          </dep>
          <dep type="nmod">
            <governor idx="8">coined</governor>
            <dependent idx="15">Roosevelt</dependent>
          </dep>
          <dep type="auxpass">
            <governor idx="18">used</governor>
            <dependent idx="16">was</dependent>
          </dep>
          <dep type="advmod">
            <governor idx="18">used</governor>
            <dependent idx="17">first</dependent>
          </dep>
          <dep type="case">
            <governor idx="21">Declaration</governor>
            <dependent idx="19">in</dependent>
          </dep>
          <dep type="det">
            <governor idx="21">Declaration</governor>
            <dependent idx="20">the</dependent>
          </dep>
          <dep type="nmod">
            <governor idx="18">used</governor>
            <dependent idx="21">Declaration</dependent>
          </dep>
          <dep type="case">
            <governor idx="24">Nations</governor>
            <dependent idx="22">by</dependent>
          </dep>
          <dep type="compound">
            <governor idx="24">Nations</governor>
            <dependent idx="23">United</dependent>
          </dep>
          <dep type="nmod">
            <governor idx="18">used</governor>
            <dependent idx="24">Nations</dependent>
          </dep>
          <dep type="case">
            <governor idx="26">1</governor>
            <dependent idx="25">of</dependent>
          </dep>
          <dep type="nmod">
            <governor idx="24">Nations</governor>
            <dependent idx="26">1</dependent>
          </dep>
          <dep type="nmod:tmod">
            <governor idx="18">used</governor>
            <dependent idx="27">January</dependent>
          </dep>
          <dep type="nummod">
            <governor idx="27">January</governor>
            <dependent idx="28">1942</dependent>
          </dep>
          <dep type="punct">
            <governor idx="18">used</governor>
            <dependent idx="29">,</dependent>
          </dep>
          <dep type="case">
            <governor idx="34">War</governor>
            <dependent idx="30">during</dependent>
          </dep>
          <dep type="det">
            <governor idx="34">War</governor>
            <dependent idx="31">the</dependent>
          </dep>
          <dep type="amod">
            <governor idx="34">War</governor>
            <dependent idx="32">Second</dependent>
          </dep>
          <dep type="compound">
            <governor idx="34">War</governor>
            <dependent idx="33">World</dependent>
          </dep>
          <dep type="nmod">
            <governor idx="18">used</governor>
            <dependent idx="34">War</dependent>
          </dep>
          <dep type="punct">
            <governor idx="34">War</governor>
            <dependent idx="35">,</dependent>
          </dep>
          <dep type="advmod">
            <governor idx="41">pledged</governor>
            <dependent idx="36">when</dependent>
          </dep>
          <dep type="nsubj">
            <governor idx="41">pledged</governor>
            <dependent idx="37">representatives</dependent>
          </dep>
          <dep type="case">
            <governor idx="40">nations</governor>
            <dependent idx="38">of</dependent>
          </dep>
          <dep type="nummod">
            <governor idx="40">nations</governor>
            <dependent idx="39">26</dependent>
          </dep>
          <dep type="nmod">
            <governor idx="37">representatives</governor>
            <dependent idx="40">nations</dependent>
          </dep>
          <dep type="acl:relcl">
            <governor idx="34">War</governor>
            <dependent idx="41">pledged</dependent>
          </dep>
          <dep type="nmod:poss">
            <governor idx="43">Governments</governor>
            <dependent idx="42">their</dependent>
          </dep>
          <dep type="dobj">
            <governor idx="41">pledged</governor>
            <dependent idx="43">Governments</dependent>
          </dep>
          <dep type="mark">
            <governor idx="45">continue</governor>
            <dependent idx="44">to</dependent>
          </dep>
          <dep type="advcl">
            <governor idx="41">pledged</governor>
            <dependent idx="45">continue</dependent>
          </dep>
          <dep type="xcomp">
            <governor idx="45">continue</governor>
            <dependent idx="46">fighting</dependent>
          </dep>
          <dep type="advmod">
            <governor idx="46">fighting</governor>
            <dependent idx="47">together</dependent>
          </dep>
          <dep type="case">
            <governor idx="51">Powers</governor>
            <dependent idx="48">against</dependent>
          </dep>
          <dep type="det">
            <governor idx="51">Powers</governor>
            <dependent idx="49">the</dependent>
          </dep>
          <dep type="compound">
            <governor idx="51">Powers</governor>
            <dependent idx="50">Axis</dependent>
          </dep>
          <dep type="nmod">
            <governor idx="46">fighting</governor>
            <dependent idx="51">Powers</dependent>
          </dep>
          <dep type="punct">
            <governor idx="18">used</governor>
            <dependent idx="52">.</dependent>
          </dep>
        </dependencies>
        <dependencies type="collapsed-dependencies">
          <dep type="root">
            <governor idx="0">ROOT</governor>
            <dependent idx="18">used</dependent>
          </dep>
          <dep type="det">
            <governor idx="2">name</governor>
            <dependent idx="1">The</dependent>
          </dep>
          <dep type="nsubjpass">
            <governor idx="18">used</governor>
            <dependent idx="2">name</dependent>
          </dep>
          <dep type="punct">
            <governor idx="2">name</governor>
            <dependent idx="3">``</dependent>
          </dep>
          <dep type="compound">
            <governor idx="5">Nations</governor>
            <dependent idx="4">United</dependent>
          </dep>
          <dep type="dep">
            <governor idx="2">name</governor>
            <dependent idx="5">Nations</dependent>
          </dep>
          <dep type="punct">
            <governor idx="2">name</governor>
            <dependent idx="6">''</dependent>
          </dep>
          <dep type="punct">
            <governor idx="18">used</governor>
            <dependent idx="7">,</dependent>
          </dep>
          <dep type="advcl">
            <governor idx="18">used</governor>
            <dependent idx="8">coined</dependent>
          </dep>
          <dep type="case">
            <governor idx="15">Roosevelt</governor>
            <dependent idx="9">by</dependent>
          </dep>
          <dep type="compound">
            <governor idx="15">Roosevelt</governor>
            <dependent idx="10">United</dependent>
          </dep>
          <dep type="compound">
            <governor idx="15">Roosevelt</governor>
            <dependent idx="11">States</dependent>
          </dep>
          <dep type="compound">
            <governor idx="15">Roosevelt</governor>
            <dependent idx="12">President</dependent>
          </dep>
          <dep type="compound">
            <governor idx="15">Roosevelt</governor>
            <dependent idx="13">Franklin</dependent>
          </dep>
          <dep type="compound">
            <governor idx="15">Roosevelt</governor>
            <dependent idx="14">D.</dependent>
          </dep>
          <dep type="nmod:by">
            <governor idx="8">coined</governor>
            <dependent idx="15">Roosevelt</dependent>
          </dep>
          <dep type="auxpass">
            <governor idx="18">used</governor>
            <dependent idx="16">was</dependent>
          </dep>
          <dep type="advmod">
            <governor idx="18">used</governor>
            <dependent idx="17">first</dependent>
          </dep>
          <dep type="case">
            <governor idx="21">Declaration</governor>
            <dependent idx="19">in</dependent>
          </dep>
          <dep type="det">
            <governor idx="21">Declaration</governor>
            <dependent idx="20">the</dependent>
          </dep>
          <dep type="nmod:in">
            <governor idx="18">used</governor>
            <dependent idx="21">Declaration</dependent>
          </dep>
          <dep type="case">
            <governor idx="24">Nations</governor>
            <dependent idx="22">by</dependent>
          </dep>
          <dep type="compound">
            <governor idx="24">Nations</governor>
            <dependent idx="23">United</dependent>
          </dep>
          <dep type="nmod:agent">
            <governor idx="18">used</governor>
            <dependent idx="24">Nations</dependent>
          </dep>
          <dep type="case">
            <governor idx="26">1</governor>
            <dependent idx="25">of</dependent>
          </dep>
          <dep type="nmod:of">
            <governor idx="24">Nations</governor>
            <dependent idx="26">1</dependent>
          </dep>
          <dep type="nmod:tmod">
            <governor idx="18">used</governor>
            <dependent idx="27">January</dependent>
          </dep>
          <dep type="nummod">
            <governor idx="27">January</governor>
            <dependent idx="28">1942</dependent>
          </dep>
          <dep type="punct">
            <governor idx="18">used</governor>
            <dependent idx="29">,</dependent>
          </dep>
          <dep type="case">
            <governor idx="34">War</governor>
            <dependent idx="30">during</dependent>
          </dep>
          <dep type="det">
            <governor idx="34">War</governor>
            <dependent idx="31">the</dependent>
          </dep>
          <dep type="amod">
            <governor idx="34">War</governor>
            <dependent idx="32">Second</dependent>
          </dep>
          <dep type="compound">
            <governor idx="34">War</governor>
            <dependent idx="33">World</dependent>
          </dep>
          <dep type="nmod:during">
            <governor idx="18">used</governor>
            <dependent idx="34">War</dependent>
          </dep>
          <dep type="punct">
            <governor idx="34">War</governor>
            <dependent idx="35">,</dependent>
          </dep>
          <dep type="advmod">
            <governor idx="41">pledged</governor>
            <dependent idx="36">when</dependent>
          </dep>
          <dep type="nsubj">
            <governor idx="41">pledged</governor>
            <dependent idx="37">representatives</dependent>
          </dep>
          <dep type="case">
            <governor idx="40">nations</governor>
            <dependent idx="38">of</dependent>
          </dep>
          <dep type="nummod">
            <governor idx="40">nations</governor>
            <dependent idx="39">26</dependent>
          </dep>
          <dep type="nmod:of">
            <governor idx="37">representatives</governor>
            <dependent idx="40">nations</dependent>
          </dep>
          <dep type="acl:relcl">
            <governor idx="34">War</governor>
            <dependent idx="41">pledged</dependent>
          </dep>
          <dep type="nmod:poss">
            <governor idx="43">Governments</governor>
            <dependent idx="42">their</dependent>
          </dep>
          <dep type="dobj">
            <governor idx="41">pledged</governor>
            <dependent idx="43">Governments</dependent>
          </dep>
          <dep type="mark">
            <governor idx="45">continue</governor>
            <dependent idx="44">to</dependent>
          </dep>
          <dep type="advcl">
            <governor idx="41">pledged</governor>
            <dependent idx="45">continue</dependent>
          </dep>
          <dep type="xcomp">
            <governor idx="45">continue</governor>
            <dependent idx="46">fighting</dependent>
          </dep>
          <dep type="advmod">
            <governor idx="46">fighting</governor>
            <dependent idx="47">together</dependent>
          </dep>
          <dep type="case">
            <governor idx="51">Powers</governor>
            <dependent idx="48">against</dependent>
          </dep>
          <dep type="det">
            <governor idx="51">Powers</governor>
            <dependent idx="49">the</dependent>
          </dep>
          <dep type="compound">
            <governor idx="51">Powers</governor>
            <dependent idx="50">Axis</dependent>
          </dep>
          <dep type="nmod:against">
            <governor idx="46">fighting</governor>
            <dependent idx="51">Powers</dependent>
          </dep>
          <dep type="punct">
            <governor idx="18">used</governor>
            <dependent idx="52">.</dependent>
          </dep>
        </dependencies>
        <dependencies type="collapsed-ccprocessed-dependencies">
          <dep type="root">
            <governor idx="0">ROOT</governor>
            <dependent idx="18">used</dependent>
          </dep>
          <dep type="det">
            <governor idx="2">name</governor>
            <dependent idx="1">The</dependent>
          </dep>
          <dep type="nsubjpass">
            <governor idx="18">used</governor>
            <dependent idx="2">name</dependent>
          </dep>
          <dep type="punct">
            <governor idx="2">name</governor>
            <dependent idx="3">``</dependent>
          </dep>
          <dep type="compound">
            <governor idx="5">Nations</governor>
            <dependent idx="4">United</dependent>
          </dep>
          <dep type="dep">
            <governor idx="2">name</governor>
            <dependent idx="5">Nations</dependent>
          </dep>
          <dep type="punct">
            <governor idx="2">name</governor>
            <dependent idx="6">''</dependent>
          </dep>
          <dep type="punct">
            <governor idx="18">used</governor>
            <dependent idx="7">,</dependent>
          </dep>
          <dep type="advcl">
            <governor idx="18">used</governor>
            <dependent idx="8">coined</dependent>
          </dep>
          <dep type="case">
            <governor idx="15">Roosevelt</governor>
            <dependent idx="9">by</dependent>
          </dep>
          <dep type="compound">
            <governor idx="15">Roosevelt</governor>
            <dependent idx="10">United</dependent>
          </dep>
          <dep type="compound">
            <governor idx="15">Roosevelt</governor>
            <dependent idx="11">States</dependent>
          </dep>
          <dep type="compound">
            <governor idx="15">Roosevelt</governor>
            <dependent idx="12">President</dependent>
          </dep>
          <dep type="compound">
            <governor idx="15">Roosevelt</governor>
            <dependent idx="13">Franklin</dependent>
          </dep>
          <dep type="compound">
            <governor idx="15">Roosevelt</governor>
            <dependent idx="14">D.</dependent>
          </dep>
          <dep type="nmod:by">
            <governor idx="8">coined</governor>
            <dependent idx="15">Roosevelt</dependent>
          </dep>
          <dep type="auxpass">
            <governor idx="18">used</governor>
            <dependent idx="16">was</dependent>
          </dep>
          <dep type="advmod">
            <governor idx="18">used</governor>
            <dependent idx="17">first</dependent>
          </dep>
          <dep type="case">
            <governor idx="21">Declaration</governor>
            <dependent idx="19">in</dependent>
          </dep>
          <dep type="det">
            <governor idx="21">Declaration</governor>
            <dependent idx="20">the</dependent>
          </dep>
          <dep type="nmod:in">
            <governor idx="18">used</governor>
            <dependent idx="21">Declaration</dependent>
          </dep>
          <dep type="case">
            <governor idx="24">Nations</governor>
            <dependent idx="22">by</dependent>
          </dep>
          <dep type="compound">
            <governor idx="24">Nations</governor>
            <dependent idx="23">United</dependent>
          </dep>
          <dep type="nmod:agent">
            <governor idx="18">used</governor>
            <dependent idx="24">Nations</dependent>
          </dep>
          <dep type="case">
            <governor idx="26">1</governor>
            <dependent idx="25">of</dependent>
          </dep>
          <dep type="nmod:of">
            <governor idx="24">Nations</governor>
            <dependent idx="26">1</dependent>
          </dep>
          <dep type="nmod:tmod">
            <governor idx="18">used</governor>
            <dependent idx="27">January</dependent>
          </dep>
          <dep type="nummod">
            <governor idx="27">January</governor>
            <dependent idx="28">1942</dependent>
          </dep>
          <dep type="punct">
            <governor idx="18">used</governor>
            <dependent idx="29">,</dependent>
          </dep>
          <dep type="case">
            <governor idx="34">War</governor>
            <dependent idx="30">during</dependent>
          </dep>
          <dep type="det">
            <governor idx="34">War</governor>
            <dependent idx="31">the</dependent>
          </dep>
          <dep type="amod">
            <governor idx="34">War</governor>
            <dependent idx="32">Second</dependent>
          </dep>
          <dep type="compound">
            <governor idx="34">War</governor>
            <dependent idx="33">World</dependent>
          </dep>
          <dep type="nmod:during">
            <governor idx="18">used</governor>
            <dependent idx="34">War</dependent>
          </dep>
          <dep type="punct">
            <governor idx="34">War</governor>
            <dependent idx="35">,</dependent>
          </dep>
          <dep type="advmod">
            <governor idx="41">pledged</governor>
            <dependent idx="36">when</dependent>
          </dep>
          <dep type="nsubj">
            <governor idx="41">pledged</governor>
            <dependent idx="37">representatives</dependent>
          </dep>
          <dep type="case">
            <governor idx="40">nations</governor>
            <dependent idx="38">of</dependent>
          </dep>
          <dep type="nummod">
            <governor idx="40">nations</governor>
            <dependent idx="39">26</dependent>
          </dep>
          <dep type="nmod:of">
            <governor idx="37">representatives</governor>
            <dependent idx="40">nations</dependent>
          </dep>
          <dep type="acl:relcl">
            <governor idx="34">War</governor>
            <dependent idx="41">pledged</dependent>
          </dep>
          <dep type="nmod:poss">
            <governor idx="43">Governments</governor>
            <dependent idx="42">their</dependent>
          </dep>
          <dep type="dobj">
            <governor idx="41">pledged</governor>
            <dependent idx="43">Governments</dependent>
          </dep>
          <dep type="mark">
            <governor idx="45">continue</governor>
            <dependent idx="44">to</dependent>
          </dep>
          <dep type="advcl">
            <governor idx="41">pledged</governor>
            <dependent idx="45">continue</dependent>
          </dep>
          <dep type="xcomp">
            <governor idx="45">continue</governor>
            <dependent idx="46">fighting</dependent>
          </dep>
          <dep type="advmod">
            <governor idx="46">fighting</governor>
            <dependent idx="47">together</dependent>
          </dep>
          <dep type="case">
            <governor idx="51">Powers</governor>
            <dependent idx="48">against</dependent>
          </dep>
          <dep type="det">
            <governor idx="51">Powers</governor>
            <dependent idx="49">the</dependent>
          </dep>
          <dep type="compound">
            <governor idx="51">Powers</governor>
            <dependent idx="50">Axis</dependent>
          </dep>
          <dep type="nmod:against">
            <governor idx="46">fighting</governor>
            <dependent idx="51">Powers</dependent>
          </dep>
          <dep type="punct">
            <governor idx="18">used</governor>
            <dependent idx="52">.</dependent>
          </dep>
        </dependencies>
        <dependencies type="enhanced-dependencies">
          <dep type="root">
            <governor idx="0">ROOT</governor>
            <dependent idx="18">used</dependent>
          </dep>
          <dep type="det">
            <governor idx="2">name</governor>
            <dependent idx="1">The</dependent>
          </dep>
          <dep type="nsubjpass">
            <governor idx="18">used</governor>
            <dependent idx="2">name</dependent>
          </dep>
          <dep type="punct">
            <governor idx="2">name</governor>
            <dependent idx="3">``</dependent>
          </dep>
          <dep type="compound">
            <governor idx="5">Nations</governor>
            <dependent idx="4">United</dependent>
          </dep>
          <dep type="dep">
            <governor idx="2">name</governor>
            <dependent idx="5">Nations</dependent>
          </dep>
          <dep type="punct">
            <governor idx="2">name</governor>
            <dependent idx="6">''</dependent>
          </dep>
          <dep type="punct">
            <governor idx="18">used</governor>
            <dependent idx="7">,</dependent>
          </dep>
          <dep type="advcl">
            <governor idx="18">used</governor>
            <dependent idx="8">coined</dependent>
          </dep>
          <dep type="case">
            <governor idx="15">Roosevelt</governor>
            <dependent idx="9">by</dependent>
          </dep>
          <dep type="compound">
            <governor idx="15">Roosevelt</governor>
            <dependent idx="10">United</dependent>
          </dep>
          <dep type="compound">
            <governor idx="15">Roosevelt</governor>
            <dependent idx="11">States</dependent>
          </dep>
          <dep type="compound">
            <governor idx="15">Roosevelt</governor>
            <dependent idx="12">President</dependent>
          </dep>
          <dep type="compound">
            <governor idx="15">Roosevelt</governor>
            <dependent idx="13">Franklin</dependent>
          </dep>
          <dep type="compound">
            <governor idx="15">Roosevelt</governor>
            <dependent idx="14">D.</dependent>
          </dep>
          <dep type="nmod:by">
            <governor idx="8">coined</governor>
            <dependent idx="15">Roosevelt</dependent>
          </dep>
          <dep type="auxpass">
            <governor idx="18">used</governor>
            <dependent idx="16">was</dependent>
          </dep>
          <dep type="advmod">
            <governor idx="18">used</governor>
            <dependent idx="17">first</dependent>
          </dep>
          <dep type="case">
            <governor idx="21">Declaration</governor>
            <dependent idx="19">in</dependent>
          </dep>
          <dep type="det">
            <governor idx="21">Declaration</governor>
            <dependent idx="20">the</dependent>
          </dep>
          <dep type="nmod:in">
            <governor idx="18">used</governor>
            <dependent idx="21">Declaration</dependent>
          </dep>
          <dep type="case">
            <governor idx="24">Nations</governor>
            <dependent idx="22">by</dependent>
          </dep>
          <dep type="compound">
            <governor idx="24">Nations</governor>
            <dependent idx="23">United</dependent>
          </dep>
          <dep type="nmod:agent">
            <governor idx="18">used</governor>
            <dependent idx="24">Nations</dependent>
          </dep>
          <dep type="case">
            <governor idx="26">1</governor>
            <dependent idx="25">of</dependent>
          </dep>
          <dep type="nmod:of">
            <governor idx="24">Nations</governor>
            <dependent idx="26">1</dependent>
          </dep>
          <dep type="nmod:tmod">
            <governor idx="18">used</governor>
            <dependent idx="27">January</dependent>
          </dep>
          <dep type="nummod">
            <governor idx="27">January</governor>
            <dependent idx="28">1942</dependent>
          </dep>
          <dep type="punct">
            <governor idx="18">used</governor>
            <dependent idx="29">,</dependent>
          </dep>
          <dep type="case">
            <governor idx="34">War</governor>
            <dependent idx="30">during</dependent>
          </dep>
          <dep type="det">
            <governor idx="34">War</governor>
            <dependent idx="31">the</dependent>
          </dep>
          <dep type="amod">
            <governor idx="34">War</governor>
            <dependent idx="32">Second</dependent>
          </dep>
          <dep type="compound">
            <governor idx="34">War</governor>
            <dependent idx="33">World</dependent>
          </dep>
          <dep type="nmod:during">
            <governor idx="18">used</governor>
            <dependent idx="34">War</dependent>
          </dep>
          <dep type="punct">
            <governor idx="34">War</governor>
            <dependent idx="35">,</dependent>
          </dep>
          <dep type="advmod">
            <governor idx="41">pledged</governor>
            <dependent idx="36">when</dependent>
          </dep>
          <dep type="nsubj">
            <governor idx="41">pledged</governor>
            <dependent idx="37">representatives</dependent>
          </dep>
          <dep type="case">
            <governor idx="40">nations</governor>
            <dependent idx="38">of</dependent>
          </dep>
          <dep type="nummod">
            <governor idx="40">nations</governor>
            <dependent idx="39">26</dependent>
          </dep>
          <dep type="nmod:of">
            <governor idx="37">representatives</governor>
            <dependent idx="40">nations</dependent>
          </dep>
          <dep type="acl:relcl">
            <governor idx="34">War</governor>
            <dependent idx="41">pledged</dependent>
          </dep>
          <dep type="nmod:poss">
            <governor idx="43">Governments</governor>
            <dependent idx="42">their</dependent>
          </dep>
          <dep type="dobj">
            <governor idx="41">pledged</governor>
            <dependent idx="43">Governments</dependent>
          </dep>
          <dep type="mark">
            <governor idx="45">continue</governor>
            <dependent idx="44">to</dependent>
          </dep>
          <dep type="advcl:to">
            <governor idx="41">pledged</governor>
            <dependent idx="45">continue</dependent>
          </dep>
          <dep type="xcomp">
            <governor idx="45">continue</governor>
            <dependent idx="46">fighting</dependent>
          </dep>
          <dep type="advmod">
            <governor idx="46">fighting</governor>
            <dependent idx="47">together</dependent>
          </dep>
          <dep type="case">
            <governor idx="51">Powers</governor>
            <dependent idx="48">against</dependent>
          </dep>
          <dep type="det">
            <governor idx="51">Powers</governor>
            <dependent idx="49">the</dependent>
          </dep>
          <dep type="compound">
            <governor idx="51">Powers</governor>
            <dependent idx="50">Axis</dependent>
          </dep>
          <dep type="nmod:against">
            <governor idx="46">fighting</governor>
            <dependent idx="51">Powers</dependent>
          </dep>
          <dep type="punct">
            <governor idx="18">used</governor>
            <dependent idx="52">.</dependent>
          </dep>
        </dependencies>
        <dependencies type="enhanced-plus-plus-dependencies">
          <dep type="root">
            <governor idx="0">ROOT</governor>
            <dependent idx="18">used</dependent>
          </dep>
          <dep type="det">
            <governor idx="2">name</governor>
            <dependent idx="1">The</dependent>
          </dep>
          <dep type="nsubjpass">
            <governor idx="18">used</governor>
            <dependent idx="2">name</dependent>
          </dep>
          <dep type="punct">
            <governor idx="2">name</governor>
            <dependent idx="3">``</dependent>
          </dep>
          <dep type="compound">
            <governor idx="5">Nations</governor>
            <dependent idx="4">United</dependent>
          </dep>
          <dep type="dep">
            <governor idx="2">name</governor>
            <dependent idx="5">Nations</dependent>
          </dep>
          <dep type="punct">
            <governor idx="2">name</governor>
            <dependent idx="6">''</dependent>
          </dep>
          <dep type="punct">
            <governor idx="18">used</governor>
            <dependent idx="7">,</dependent>
          </dep>
          <dep type="advcl">
            <governor idx="18">used</governor>
            <dependent idx="8">coined</dependent>
          </dep>
          <dep type="case">
            <governor idx="15">Roosevelt</governor>
            <dependent idx="9">by</dependent>
          </dep>
          <dep type="compound">
            <governor idx="15">Roosevelt</governor>
            <dependent idx="10">United</dependent>
          </dep>
          <dep type="compound">
            <governor idx="15">Roosevelt</governor>
            <dependent idx="11">States</dependent>
          </dep>
          <dep type="compound">
            <governor idx="15">Roosevelt</governor>
            <dependent idx="12">President</dependent>
          </dep>
          <dep type="compound">
            <governor idx="15">Roosevelt</governor>
            <dependent idx="13">Franklin</dependent>
          </dep>
          <dep type="compound">
            <governor idx="15">Roosevelt</governor>
            <dependent idx="14">D.</dependent>
          </dep>
          <dep type="nmod:by">
            <governor idx="8">coined</governor>
            <dependent idx="15">Roosevelt</dependent>
          </dep>
          <dep type="auxpass">
            <governor idx="18">used</governor>
            <dependent idx="16">was</dependent>
          </dep>
          <dep type="advmod">
            <governor idx="18">used</governor>
            <dependent idx="17">first</dependent>
          </dep>
          <dep type="case">
            <governor idx="21">Declaration</governor>
            <dependent idx="19">in</dependent>
          </dep>
          <dep type="det">
            <governor idx="21">Declaration</governor>
            <dependent idx="20">the</dependent>
          </dep>
          <dep type="nmod:in">
            <governor idx="18">used</governor>
            <dependent idx="21">Declaration</dependent>
          </dep>
          <dep type="case">
            <governor idx="24">Nations</governor>
            <dependent idx="22">by</dependent>
          </dep>
          <dep type="compound">
            <governor idx="24">Nations</governor>
            <dependent idx="23">United</dependent>
          </dep>
          <dep type="nmod:agent">
            <governor idx="18">used</governor>
            <dependent idx="24">Nations</dependent>
          </dep>
          <dep type="case">
            <governor idx="26">1</governor>
            <dependent idx="25">of</dependent>
          </dep>
          <dep type="nmod:of">
            <governor idx="24">Nations</governor>
            <dependent idx="26">1</dependent>
          </dep>
          <dep type="nmod:tmod">
            <governor idx="18">used</governor>
            <dependent idx="27">January</dependent>
          </dep>
          <dep type="nummod">
            <governor idx="27">January</governor>
            <dependent idx="28">1942</dependent>
          </dep>
          <dep type="punct">
            <governor idx="18">used</governor>
            <dependent idx="29">,</dependent>
          </dep>
          <dep type="case">
            <governor idx="34">War</governor>
            <dependent idx="30">during</dependent>
          </dep>
          <dep type="det">
            <governor idx="34">War</governor>
            <dependent idx="31">the</dependent>
          </dep>
          <dep type="amod">
            <governor idx="34">War</governor>
            <dependent idx="32">Second</dependent>
          </dep>
          <dep type="compound">
            <governor idx="34">War</governor>
            <dependent idx="33">World</dependent>
          </dep>
          <dep type="nmod:during">
            <governor idx="18">used</governor>
            <dependent idx="34">War</dependent>
          </dep>
          <dep type="punct">
            <governor idx="34">War</governor>
            <dependent idx="35">,</dependent>
          </dep>
          <dep type="advmod">
            <governor idx="41">pledged</governor>
            <dependent idx="36">when</dependent>
          </dep>
          <dep type="nsubj">
            <governor idx="41">pledged</governor>
            <dependent idx="37">representatives</dependent>
          </dep>
          <dep type="case">
            <governor idx="40">nations</governor>
            <dependent idx="38">of</dependent>
          </dep>
          <dep type="nummod">
            <governor idx="40">nations</governor>
            <dependent idx="39">26</dependent>
          </dep>
          <dep type="nmod:of">
            <governor idx="37">representatives</governor>
            <dependent idx="40">nations</dependent>
          </dep>
          <dep type="acl:relcl">
            <governor idx="34">War</governor>
            <dependent idx="41">pledged</dependent>
          </dep>
          <dep type="nmod:poss">
            <governor idx="43">Governments</governor>
            <dependent idx="42">their</dependent>
          </dep>
          <dep type="dobj">
            <governor idx="41">pledged</governor>
            <dependent idx="43">Governments</dependent>
          </dep>
          <dep type="mark">
            <governor idx="45">continue</governor>
            <dependent idx="44">to</dependent>
          </dep>
          <dep type="advcl:to">
            <governor idx="41">pledged</governor>
            <dependent idx="45">continue</dependent>
          </dep>
          <dep type="xcomp">
            <governor idx="45">continue</governor>
            <dependent idx="46">fighting</dependent>
          </dep>
          <dep type="advmod">
            <governor idx="46">fighting</governor>
            <dependent idx="47">together</dependent>
          </dep>
          <dep type="case">
            <governor idx="51">Powers</governor>
            <dependent idx="48">against</dependent>
          </dep>
          <dep type="det">
            <governor idx="51">Powers</governor>
            <dependent idx="49">the</dependent>
          </dep>
          <dep type="compound">
            <governor idx="51">Powers</governor>
            <dependent idx="50">Axis</dependent>
          </dep>
          <dep type="nmod:against">
            <governor idx="46">fighting</governor>
            <dependent idx="51">Powers</dependent>
          </dep>
          <dep type="punct">
            <governor idx="18">used</governor>
            <dependent idx="52">.</dependent>
          </dep>
        </dependencies>
      </sentence>
    </sentences>
  </document>
</root>
